form	lemma	POS	morph
		
༼		PUNCT
		
༽༄༅། །		PUNCT
ཕྱག་རྒྱ་	ཕྱག་རྒྱ་	NOUN
ཆེན་པོ་	ཆེན་པོ་	ADJ
ལྷན་ཅིག་	ལྷན་ཅིག་	OTHER
སྐྱེ་	སྐྱེ་	VERB
སྦྱོར་	སྦྱོར་	VERB
གྱི་	གི་	PART
ཁྲིད་	ཁྲིད་	VERB
ཀྱི་	གི་	PART
སྤྱི་	སྤྱི་	DET
སྡོམ་	སྡོམ་	NOUN
རྩ་ཚིག་	རྩ་ཚིག་	OTHER
བཞུགས་	བཞུགས་	VERB
སོ་	གོ་	PART
"།། །།

༼"		PUNCT
		
༽༄༅། །		PUNCT
ན་མོ་	ན་མོ་	X
མ་	མ་	PART
ཧཱ་		NON_WORD
མུ་	མུ་	NOUN
དྲཱ་		NON_WORD
ཡ་	ཡ་	NOUN
། །		PUNCT
ཕྱག་	ཕྱག་	NOUN
ཆེན་	ཆེན་	NO_POS
ལྷན་ཅིག་	ལྷན་ཅིག་	OTHER
སྐྱེ་	སྐྱེ་	VERB
སྦྱོར་	སྦྱོར་	VERB
སྟོན་པ་	སྟོན་པ་	NOUN
ལ་	ལ་	PART
། །		PUNCT
སྔོན་འགྲོ་	སྔོན་འགྲོ་	NOUN
དངོས་གཞི་	དངོས་གཞི་	NOUN
རྗེས་	རྗེས་	NOUN
དང་	དང་	NO_POS
རྣམ་པ་	རྣམ་པ་	NOUN
གསུམ་	གསུམ་	NUM
། །		PUNCT
སྔོན་འགྲོ་	སྔོན་འགྲོ་	NOUN
ལ་	ལ་	ADP
འང་	ཀྱང་	PART
ཐུན་མོང་	ཐུན་མོང་	ADJ
ཐུན་མོང་	ཐུན་མོང་	ADJ
མིན་	མིན་	AUX
། །		PUNCT
ཁྱད་པར་	ཁྱད་པར་	NOUN
གྱི་	གི་	PART
ནི་	ནི་	NO_POS
སྔོན་འགྲོ་	སྔོན་འགྲོ་	NOUN
རྣམ་པ་	རྣམ་པ་	NOUN
གསུམ་	གསུམ་	NUM
། །		PUNCT
དང་པོ་	དང་པོ་	ADJ
དལ་འབྱོར་	དལ་འབྱོར་	NOUN
རྙེད་	རྙེད་	VERB
དཀའ་	དཀའ་	VERB
མི་རྟག་པ་	མི་རྟག་པ་	OTHER
། །		PUNCT
ལས་འབྲས་	ལས་འབྲས་	NOUN
འཁོར་བ་	འཁོར་བ་	NOUN
འི་	གི་	PART
ཉེས་དམིགས་	ཉེས་དམིགས་	NOUN
སྒོམ་པ་	སྒོམ་པ་	VERB
བཞི་	བཞི་	NUM
། །		PUNCT
དང་པོ་	དང་པོ་	ADJ
འི་	གི་	PART
བསྒོམ་	བསྒོམ་	VERB
བྱ་	བྱ་	VERB
དལ་འབྱོར་	དལ་འབྱོར་	NOUN
རིན་ཆེན་	རིན་ཆེན་	OTHER
འདི་	འདི་	DET
། །		PUNCT
ཐོབ་	ཐོབ་	VERB
དཀའ་	དཀའ་	VERB
འཇིག་	འཇིག་	VERB
སླ་	སླ་	VERB
ད་རེས་	ད་རེས་	ADV
དོན་ཡོད་	དོན་ཡོད་	ADJ
བྱ་	བྱ་	VERB
། །		PUNCT
གཉིས་པ་	གཉིས་པ་	NUM
སྣོད་བཅུད་	སྣོད་བཅུད་	NOUN
ཐམས་ཅད་	ཐམས་ཅད་	DET
མི་རྟག་	མི་རྟག་	OTHER
ཅིང་	ཅིང་	PART
། །		PUNCT
དགོས་	དགོས་	VERB
སུ་	ལ་	PART
འགྲོ་བ་	འགྲོ་བ་	VERB
འི་	གི་	PART
ཚེ་སྲོག་	ཚེ་སྲོག་	NOUN
ཆུ་བུར་	ཆུ་བུར་	NOUN
འདྲ་	འདྲ་	VERB
། །		PUNCT
ནམ་	གམ་	PART
འཆི་	འཆི་	VERB
ཆ་མེད་	ཆ་མེད་	ADJ
ཤི་	ཤི་	VERB
ཚེ་	ཚེ་	NOUN
རོ་	རོ་	NOUN
རུ་	ལ་	PART
གྱུར་	གྱུར་	VERB
། །		PUNCT
དེ་	སྟེ་	PART
ལ་	ལ་	PART
ཆོ་	ཆོ་	NOUN
ཀྱིས་	གིས་	PART
ཕན་	ཕན་	NOUN
ཕྱི་	ཕྱི་	OTHER
བརྩོན་པ་	བརྩོན་པ་	VERB
ས་	གིས་	PART
བསྒྲུབ་	བསྒྲུབ་	VERB
། །		PUNCT
གསུམ་	གསུམ་	NUM
པ་ཤི་	པ་ཤི་	NO_POS
ཚེ་	ཚེ་	NOUN
རང་དབང་	རང་དབང་	NOUN
མི་	མི་	PART
འདུ་བ་	འདུ་བ་	VERB
ར་	ལ་	PART
། །		PUNCT
ལ་	ལ་	ADP
ས་	གིས་	PART
ནི་	ནི་	NO_POS
བདག་	བདག་	PRON
གིར་		NON_WORD
བྱེད་	བྱེད་	VERB
ཕྱི་	ཕྱི་	OTHER
སྡིག་པ་	སྡིག་པ་	VERB
སྤང་	སྤང་	VERB
། །		PUNCT
དགེ་བ་	དགེ་བ་	VERB
འི་	གི་	PART
བྱ་བ་	བྱ་བ་	VERB
ས་	གིས་	PART
རྟག་	རྟག་	VERB
ཏུ་	ལ་	PART
འདའ་བ་	འདའ་བ་	VERB
ར་	ལ་	PART
བྱ་	བྱ་	VERB
། །		PUNCT
བཞི་པ་	བཞི་པ་	ADJ
འཁོར་བ་	འཁོར་བ་	NOUN
འི་	གི་	PART
གནས་	གནས་	NOUN
གྲོག་	གྲོག་	NOUN
བདེ་	བདེ་	VERB
འབྱོར་	འབྱོར་	VERB
སོགས་	སོགས་	DET
། །		PUNCT
སྡུག་བསྔལ་	སྡུག་བསྔལ་	NOUN
གསུམ་	གསུམ་	NUM
གྱིས་	གིས་	PART
རྟག་	རྟག་	VERB
ཏུ་	ལ་	PART
མནར་བ་	མནར་བ་	VERB
འི་	གི་	PART
ཕྱི་	ཕྱི་	OTHER
། །		PUNCT
གསོད་	གསོད་	NO_POS
ས་	ས་	ADP
ར་	ལ་	PART
ཁྲིད་པ་	ཁྲིད་པ་	VERB
འི་	གི་	PART
གཤེད་མ་	གཤེད་མ་	NOUN
འི་	གི་	PART
དགའ་སྟོན་	དགའ་སྟོན་	NOUN
ལྟ་	ལྟ་	OTHER
། །		PUNCT
ཞེན་འཁྲིས་	ཞེན་འཁྲིས་	NO_POS
བཅད་	བཅད་	VERB
ན་	ནས་	PART
བཙུན་པ་	བཙུན་པ་	NOUN
ས་	གིས་	PART
བྱང་ཆུབ་	བྱང་ཆུབ་	NOUN
བསྒྲུབ་	བསྒྲུབ་	VERB
། །		PUNCT
ཐུན་མོང་	ཐུན་མོང་	ADJ
མིན་པ་	མིན་པ་	VERB
འི་	གི་	PART
སྔོན་འགྲོ་	སྔོན་འགྲོ་	NOUN
སྐྱབས་སེམས་	སྐྱབས་སེམས་	NO_POS
༼		PUNCT
		
༽		PUNCT
དང་	དང་	NO_POS
། །		PUNCT
རྡོ་		
སེམས་	སེམས་	NOUN
མཎྜལ་		NON_WORD
བླ་མ་	བླ་མ་	NOUN
འི་	གི་	PART
སྒོམ་བཟླས་	སྒོམ་བཟླས་	OTHER
བཞི་	བཞི་	NUM
། །		PUNCT
དང་པོ་	དང་པོ་	ADJ
སྐྱབས་ཡུལ་	སྐྱབས་ཡུལ་	NO_POS
ལྷ་	ལྷ་	NOUN
ཚོམ་	ཚོམ་	NO_POS
གསལ་བཏབ་	གསལ་བཏབ་	NO_POS
ལ་	ལ་	PART
། །		PUNCT
མདུན་	མདུན་	NOUN
ན་	ལ་	PART
བདག་	བདག་	PRON
སོགས་	སོགས་	DET
མ་རྒན་	མ་རྒན་	NOUN
ཀུན་	ཀུན་	DET
གནས་པ་	གནས་པ་	VERB
ས་	གིས་	PART
། །		PUNCT
སྐྱབས་འགྲོ་	སྐྱབས་འགྲོ་	OTHER
བྱེད་པ་	བྱེད་པ་	VERB
ར་	ལ་	PART
དམིགས་	དམིགས་	VERB
ལ་	ལ་	PART
སྐྱབས་འགྲོ་	སྐྱབས་འགྲོ་	OTHER
བྱ་	བྱ་	VERB
། །		PUNCT
ཚད་	ཚད་	NOUN
མེད་	མེད་	VERB
བཞི་	བཞི་	NUM
བསྒོམ་	བསྒོམ་	VERB
སེམས་བསྐྱེད་	སེམས་བསྐྱེད་	NOUN
སྙིང་	སྙིང་	NOUN
ན་	ནས་	PART
བྱ་	བྱ་	VERB
། །		PUNCT
གཉིས་པ་	གཉིས་པ་	NUM
སྤྱི་བོ་	སྤྱི་བོ་	NOUN
ར་	ལ་	PART
རྡོ་		
སེམས་	སེམས་	NOUN
སྔགས་	སྔགས་	NOUN
བཅའ་	བཅའ་	VERB
བསམ་	བསམ་	NOUN
། །		PUNCT
བཤགས་སྡོམ་	བཤགས་སྡོམ་	NO_POS
བྱས་པ་	བྱས་པ་	VERB
ས་	གིས་	PART
བདུད་རྩི་	བདུད་རྩི་	NOUN
འི་	གི་	PART
རྒྱུན་	རྒྱུན་	NOUN
བབ་	བབ་	VERB
ཏེ་	སྟེ་	PART
། །		PUNCT
རང་	རང་	PRON
གི་	གི་	PART
ལུས་	ལུས་	NOUN
ཞུགས་	ཞུགས་	VERB
སྡིག་སྒྲིབ་	སྡིག་སྒྲིབ་	NOUN
ཀུན་	ཀུན་	DET
སྦྱངས་	སྦྱངས་	VERB
ན་	ནས་	PART
། །		PUNCT
ཡིག་བརྒྱ་	ཡིག་བརྒྱ་	NO_POS
བརྗོད་པ་	བརྗོད་པ་	VERB
ས་	གིས་	PART
སྒྲིབ་	སྒྲིབ་	NOUN
བྱང་	བྱང་	NOUN
རྟགས་	རྟགས་	NOUN
རྣམ་	རྣམ་	NOUN
འོང་	འོང་	VERB
། །		PUNCT
གསུམ་པ་	གསུམ་པ་	NUM
སྒྲུབ་པ་	སྒྲུབ་པ་	VERB
ཚོམ་བུ་	ཚོམ་བུ་	OTHER
ལྔ་པོ་	ལྔ་པོ་	NUM
ལ་	ལ་	PART
། །		PUNCT
དཀོན་མཆོག་	དཀོན་མཆོག་	NOUN
ལྔ་	ལྔ་	NUM
བསྐྱེད་	བསྐྱེད་	VERB
མཆོད་པ་	མཆོད་པ་	VERB
འི་	གི་	PART
མཎྜལ་		NON_WORD
ནི་	ནི་	NO_POS
། །		PUNCT
དངོ་	དངོ་	NOUN
འབྱོར་	འབྱོར་	VERB
ཡིག་	ཡིག་	NOUN
སྤྲུལ་	སྤྲུལ་	VERB
དུ་མ་	དུ་མ་	ADJ
ཕུལ་བ་	ཕུལ་བ་	VERB
ལ་	ལ་	ADP
ས་	གིས་	PART
། །		PUNCT
ཚོགས་	ཚོགས་	NOUN
གཉིས་	གཉིས་	NUM
རྫོགས་པ་	རྫོགས་པ་	VERB
འི་	གི་	PART
རྟགས་	རྟགས་	NOUN
རྣམས་	རྣམས་	DET
རིམ་བཞིན་	རིམ་བཞིན་	NO_POS
འཆར་	འཆར་	NO_POS
། །		PUNCT
བཞི་པ་	བཞི་པ་	ADJ
སྤྱི་བོ་	སྤྱི་བོ་	NOUN
ར་	ལ་	PART
བླ་མ་	བླ་མ་	NOUN
བསྒོམས་	བསྒོམས་	VERB
བྱ་	བྱ་	VERB
ལ་	ལ་	PART
། །		PUNCT
མོས་གུས་	མོས་གུས་	NOUN
དྲག་པོ་	དྲག་པོ་	ADJ
ས་	གིས་	PART
གསོལ་	གསོལ་	VERB
བཏབ་	བཏབ་	VERB
དབང་	དབང་	NOUN
བཞི་	བཞི་	NUM
བླང་	བླང་	NO_POS
། །		PUNCT
མཉེས་པ་	མཉེས་པ་	VERB
ལྔ་	ལྔ་	NUM
ཡི་	གིས་	PART
བླ་མ་	བླ་མ་	NOUN
བསྟེན་	བསྟེན་	VERB
བྱ་	བྱ་	VERB
ན་	ལ་	PART
། །		PUNCT
ཐུགས་རྗེ་	ཐུགས་རྗེ་	NOUN
འི་	གི་	PART
བྱིན་རླབས་	བྱིན་རླབས་	NOUN
ཞུགས་པ་	ཞུགས་པ་	VERB
འི་	གི་	PART
རྟགས་	རྟགས་	NOUN
རྣམས་	རྣམས་	DET
འབྱུང་	འབྱུང་	VERB
། །		PUNCT
ཐུན་	ཐུན་	NOUN
བསྡུ་	བསྡུ་	VERB
འི་	གི་	PART
ཚེ་	ཚེ་	NOUN
ན་	ལ་	PART
སྐྱབས་ཡུལ་	སྐྱབས་ཡུལ་	NO_POS
རྡོ་		
སེམས་	སེམས་	NOUN
དང་	དང་	NO_POS
། །		PUNCT
སྒྲུབ་པ་	སྒྲུབ་པ་	VERB
འི་	གི་	PART
མཎྜལ་		NON_WORD
ལྷ་ཚོགས་	ལྷ་ཚོགས་	NOUN
བླ་མ་	བླ་མ་	NOUN
རྣམས་	རྣམས་	DET
། །		PUNCT
འོད་ཞུ་	འོད་ཞུ་	NO_POS
རང་	རང་	PRON
ལ་	ལ་	PART
ཐིམ་པ་	ཐིམ་པ་	VERB
ས་	གིས་	PART
༼		PUNCT
		
༽		PUNCT
དེ་དག་	དེ་དག་	OTHER
གི་	གི་	PART
།		PUNCT
སྐུ་གསུང་ཐུགས་	སྐུ་གསུང་ཐུགས་	NOUN
དང་	དང་	NO_POS
དབྱེ་	དབྱེ་	VERB
ར་	ལ་	PART
མེད་	མེད་	VERB
གྱུར་པ་	གྱུར་པ་	VERB
ར་	ལ་	PART
བསམ་	བསམ་	NOUN
། །		PUNCT
ཁྱད་པར་	ཁྱད་པར་	NOUN
སྔོན་འགྲོ་	སྔོན་འགྲོ་	NOUN
མ་	མ་	PART
ཞེན་	ཞེན་	VERB
རྒྱུ་	རྒྱུ་	NOUN
ཡི་	གི་	PART
རྐྱེན་	རྐྱེན་	NOUN
། །		PUNCT
བླ་མ་	བླ་མ་	NOUN
བཞི་	བཞི་	NUM
ཡི་	གིས་	PART
ཟིན་པ་	ཟིན་པ་	VERB
བདག་པོ་	བདག་པོ་	NOUN
འི་	གི་	PART
རྐྱེན་	རྐྱེན་	NOUN
། །		PUNCT
དམིགས་རྐྱེན་	དམིགས་རྐྱེན་	NO_POS
བསྒོམ་	བསྒོམ་	VERB
བྱ་	བྱ་	VERB
འི་	གི་	PART
དམིགས་པ་	དམིགས་པ་	VERB
མ་འཁྲུལ་བ་	མ་འཁྲུལ་བ་	NO_POS
། །		PUNCT
དེ་	སྟེ་	PART
མ་	མ་	PART
ཐག་	ཐག་	VERB
རྐྱེན་	རྐྱེན་	NOUN
རེ་དོགས་	རེ་དོགས་	NOUN
སྤང་བླང་	སྤང་བླང་	NOUN
དང་	དང་	NO_POS
། །		PUNCT
དགག་སྒྲུབ་	དགག་སྒྲུབ་	OTHER
མེད་པ་	མེད་པ་	VERB
ར་	ལ་	PART
གང་	གང་	NO_POS
ཤ་	ཤ་	VERB
སྐྱོང་བ་	སྐྱོང་བ་	VERB
འོ་	གོ་	PART
། །		PUNCT
དངོས་གཞི་	དངོས་གཞི་	NOUN
ཞི་གནས་	ཞི་གནས་	NOUN
ལྷག་མཐོང་	ལྷག་མཐོང་	NOUN
རྣམ་པ་	རྣམ་པ་	NOUN
གཉིས་	གཉིས་	NUM
། །		PUNCT
དང་པོ་	དང་པོ་	ADJ
ར་	ལ་	PART
ལུས་གནད་	ལུས་གནད་	NO_POS
སེམས་	སེམས་	NOUN
གནད་	གནད་	NOUN
ལུས་གནད་	ལུས་གནད་	NO_POS
ནི་	ནི་	NO_POS
། །		PUNCT
བསམ་གཏན་	བསམ་གཏན་	NOUN
ཆོ་	ཆོ་	NOUN
བདུན་	བདུན་	NUM
སྐྱོན་མེད་	སྐྱོན་མེད་	ADJ
ལེགས་པ་	ལེགས་པ་	VERB
ར་	ལ་	PART
བཅའ་	བཅའ་	VERB
། །		PUNCT
སེམས་	སེམས་	NOUN
གནད་	གནད་	NOUN
སྤྱི་	སྤྱི་	DET
དང་	དང་	NO_POS
བྱེ་བྲག་	བྱེ་བྲག་	NOUN
གཉིས་	གཉིས་	NUM
ལ་	ལ་	ADP
ས་	གིས་	PART
སྤྱི་	སྤྱི་	DET
། །		PUNCT
དུས་གསུམ་	དུས་གསུམ་	OTHER
སྤྲོས་	སྤྲོས་	VERB
བཅད་	བཅད་	VERB
གང་	གང་	NO_POS
ཤ་	ཤ་	VERB
ངང་	ངང་	NOUN
དུ་	ལ་	PART
བཞག་	བཞག་	VERB
།		PUNCT
བྱེ་བྲག་	བྱེ་བྲག་	NOUN
ལ་	ལ་	PART
ནི་	ནི་	NO_POS
མ་ཟིན་	མ་ཟིན་	NO_POS
ཟིན་	ཟིན་	VERB
བྱེད་	བྱེད་	VERB
དང་	དང་	NO_POS
། །		PUNCT
ཟིན་པ་	ཟིན་པ་	VERB
བརྟན་	བརྟན་	VERB
བྱེད་	བྱེད་	VERB
བརྟན་པ་	བརྟན་པ་	VERB
བོགས་	བོགས་	NOUN
དབྱུང་	དབྱུང་	NO_POS
གསུམ་	གསུམ་	NUM
། །		PUNCT
དང་པོ་	དང་པོ་	ADJ
ར་	ལ་	PART
དམིགས་པ་	དམིགས་པ་	VERB
དམིགས་མེད་	དམིགས་མེད་	NO_POS
རླུང་	རླུང་	NOUN
དང་	དང་	NO_POS
གསུམ་	གསུམ་	NUM
། །		PUNCT
དང་པོ་	དང་པོ་	ADJ
ལ་	ལ་	PART
ཡང་ཕྱི་	ཡང་ཕྱི་	NO_POS
ནང་	ནང་	NOUN
གཉིས་	གཉིས་	NUM
ལ་	ལ་	ADP
ས་	གིས་	PART
ཕྱི་	ཕྱི་	NOUN
། །		PUNCT
མ་	མ་	PART
དག་པ་	དག་པ་	VERB
དང་	དང་	NO_POS
དག་པ་	དག་པ་	VERB
གཉིས་	གཉིས་	NUM
སུ་	ལ་	PART
འདུ་	འདུ་	VERB
། །		PUNCT
དང་པོ་	དང་པོ་	ADJ
ཤེལ་	ཤེལ་	NOUN
རྡེལ་	རྡེལ་	NO_POS
རྩིག་པ་	རྩིག་པ་	VERB
མར་མེ་	མར་མེ་	NOUN
སོགས་	སོགས་	DET
། །		PUNCT
གཉིས་པ་	གཉིས་པ་	NUM
དེ་བཞིན་	དེ་བཞིན་	OTHER
གཤེགས་པ་	གཤེགས་པ་	VERB
འི་	གི་	PART
སྐུ་	སྐུ་	NOUN
ལ་	ལ་	PART
འཛིན་	འཛིན་	VERB
། །		PUNCT
བྱིང་རྒོད་	བྱིང་རྒོད་	NO_POS
སྐྱོན་	སྐྱོན་	NOUN
ཀྱང་	ཀྱང་	PART
ལྟ་སྟངས་	ལྟ་སྟངས་	NOUN
ཉིད་	ཉིད་	DET
ཀྱིས་	གིས་	PART
སེལ་	སེལ་	VERB
། །		PUNCT
ནང་	ནང་	NOUN
འཛིན་	འཛིན་	VERB
བླ་མ་	བླ་མ་	NOUN
ཡི་དམ་	ཡི་དམ་	NOUN
གང་རུང་	གང་རུང་	NOUN
ངོ་	གོ་	PART
། །		PUNCT
དེ་	སྟེ་	PART
ཡི་	གི་	PART
ངོ་བོ་	ངོ་བོ་	NOUN
འོད་	འོད་	NOUN
ཀྱི་	གི་	PART
གོང་བུ་	གོང་བུ་	OTHER
ནི་	ནི་	NO_POS
། །		PUNCT
རང་	རང་	PRON
གི་	གི་	PART
སྙིང་	སྙིང་	NOUN
གི་	གི་	PART
དཀྱིལ་	དཀྱིལ་	NOUN
དུ་	ལ་	PART
བསྒོམ་པ་	བསྒོམ་པ་	VERB
འོ་	གོ་	PART
། །		PUNCT
དམིགས་མེད་	དམིགས་མེད་	NO_POS
འབྱུང་	འབྱུང་	VERB
བཞི་	བཞི་	NUM
གཅིག་	གཅིག་	NUM
ཐིམ་	ཐིམ་	NO_POS
སྟོང་པ་	སྟོང་པ་	VERB
ར་	ལ་	PART
འཛིན་	འཛིན་	VERB
། །		PUNCT
གསུམ་པ་	གསུམ་པ་	NUM
རླུང་	རླུང་	NOUN
ནི་	ནི་	NO_POS
བུམ་	བུམ་	NOUN
ཅན་	ཅན་	PART
གྲངས་	གྲངས་	NOUN
ལ་	ལ་	PART
འཛིན་	འཛིན་	VERB
། །		PUNCT
ཟིན་པ་	ཟིན་པ་	VERB
བརྟན་	བརྟན་	VERB
བྱེད་	བྱེད་	VERB
སྙིང་ག་	སྙིང་ག་	NOUN
ར་	ལ་	PART
པདྨ་	པདྨ་	NOUN
ནི་	ནི་	NO_POS
། །		PUNCT
དཀར་ནག་	དཀར་ནག་	ADJ
གཉིས་	གཉིས་	NUM
ལས་ཐིག་	ལས་ཐིག་	NO_POS
ལེ་	ལེ་	NO_POS
དཀར་ནག་	དཀར་ནག་	ADJ
གཉིས་	གཉིས་	NUM
། །		PUNCT
བྱིང་རྒོད་	བྱིང་རྒོད་	NO_POS
དང་	དང་	NO_POS
བསྟུན་	བསྟུན་	NO_POS
ཅི་རིགས་	ཅི་རིགས་	OTHER
སྒོམ་པ་	སྒོམ་པ་	VERB
འམ་	གམ་	PART
། །		PUNCT
རྒྱུན་	རྒྱུན་	NOUN
དུ་	ལ་	PART
སྤེལ་	སྤེལ་	VERB
ན་	ནས་	PART
བསྒོམ་པ་	བསྒོམ་པ་	VERB
ར་	ལ་	PART
བྱ་བ་	བྱ་བ་	VERB
འོ་	གོ་	PART
། །		PUNCT
ཡང་ན་	ཡང་ན་	NO_POS
འཇོག་	འཇོག་	VERB
དང་	དང་	NO_POS
ཀུན་	ཀུན་	DET
འཇོག་	འཇོག་	VERB
ངེས་	ངེས་	VERB
འཇོག་	འཇོག་	VERB
དང་	དང་	NO_POS
། །		PUNCT
ཉེ་བ་		
འཇོག་	འཇོག་	VERB
དང་	དང་	NO_POS
དུལ་	དུལ་	VERB
བྱེད་	བྱེད་	VERB
ཉེར་ཞི་	ཉེར་ཞི་	NO_POS
ར་	ལ་	PART
བྱེད་	བྱེད་	VERB
། །		PUNCT
རྒྱུད་	རྒྱུད་	NOUN
གཅིག་	གཅིག་	NUM
བྱེད་	བྱེད་	VERB
དང་	དང་	NO_POS
མཉམ་	མཉམ་	VERB
འཇོག་	འཇོག་	VERB
གནས་	གནས་	NOUN
ཐབས་	ཐབས་	NOUN
དགུ་	དགུ་	NUM
། །		PUNCT
བརྟན་པ་	བརྟན་པ་	VERB
བོགས་	བོགས་	NOUN
དབྱུང་	དབྱུང་	NO_POS
ཡུལ་དྲུག་	ཡུལ་དྲུག་	NO_POS
སོ་སོ་	སོ་སོ་	PRON
དང་	དང་	NO_POS
། །		PUNCT
ཡིད་	ཡིད་	NOUN
ཡུལ་	ཡུལ་	NOUN
དགེ་	དགེ་	NOUN
དང་	དང་	NO_POS
མི་དགེ་	མི་དགེ་	NOUN
གང་	གང་	NO_POS
སྐྱེས་པ་	སྐྱེས་པ་	VERB
། །		PUNCT
དེ་	སྟེ་	PART
ལ་	ལ་	PART
དགག་སྒྲུབ་	དགག་སྒྲུབ་	OTHER
མེད་པ་	མེད་པ་	VERB
ར་	ལ་	PART
སོ་སོ་	སོ་སོ་	PRON
ར་	ལ་	PART
འཛིན་	འཛིན་	VERB
། །		PUNCT
ཐུན་	ཐུན་	NOUN
ཐུང་	ཐུང་	VERB
གྲངས་	གྲངས་	NOUN
མང་	མང་	VERB
ལྷོད་	ལྷོད་	NO_POS
ཀྱིས་	གིས་	PART
གློད་	གློད་	NO_POS
༼		PUNCT
		
༽		PUNCT
ལ་	ལ་	PART
འབད་	འབད་	VERB
། །		PUNCT
གེགས་	གེགས་	NOUN
སེལ་	སེལ་	VERB
བོགས་	བོགས་	NOUN
འདོན་	འདོན་	VERB
ཀ་ཐོ་	ཀ་ཐོ་	NO_POS
ཅན་	ཅན་	PART
རྣམས་	རྣམས་	DET
ཡོད་	ཡོད་	VERB
། །		PUNCT
གཉིས་པ་	གཉིས་པ་	NUM
ལྷག་མཐོང་	ལྷག་མཐོང་	NOUN
ལ་	ལ་	PART
ནི་	ནི་	NO_POS
སེམས་	སེམས་	NOUN
ངོ་	གོ་	PART
བལྟ་	བལྟ་	VERB
། །		PUNCT
བཞི་	བཞི་	NUM
རྩ་	རྩ་	NUM
བཅད་	བཅད་	VERB
དང་	དང་	NO_POS
རིག་	རིག་	VERB
སྟོང་	སྟོང་	NUM
གཏན་	གཏན་	NOUN
ལ་	ལ་	PART
འབེབས་	འབེབས་	VERB
། །		PUNCT
དང་པོ་	དང་པོ་	ADJ
གནས་འགྱུ་	གནས་འགྱུ་	NO_POS
གཉིས་པོ་	གཉིས་པོ་	NUM
སོ་སོ་	སོ་སོ་	PRON
ཡི་	གི་	PART
། །		PUNCT
སེམས་	སེམས་	NOUN
ཀྱི་	གི་	PART
ངོ་བོ་	ངོ་བོ་	NOUN
ཁ་དོག་	ཁ་དོག་	NOUN
གཟུགས་	གཟུགས་	NOUN
ལ་སོགས་	ལ་སོགས་	NO_POS
། །		PUNCT
ག་	ག་	NOUN
གནས་	གནས་	NOUN
ག་	ག་	NOUN
འགྲོ་	འགྲོ་	VERB
འི་	གི་	PART
སྐྱེ་འགག་	སྐྱེ་འགག་	NOUN
གནས་	གནས་	NOUN
གསུམ་	གསུམ་	NUM
ཅི་	ཅི་	NO_POS
། །		PUNCT
སྙམ་	སྙམ་	VERB
དུ་	ལ་	PART
ངོ་བོ་	ངོ་བོ་	NOUN
ལེགས་པ་	ལེགས་པ་	VERB
ར་	ལ་	PART
གཏན་	གཏན་	NOUN
ལ་	ལ་	PART
འབེབས་	འབེབས་	VERB
། །		PUNCT
གཉིས་པ་	གཉིས་པ་	NUM
དེ་ཉིད་	དེ་ཉིད་	NOUN
ཁ་དོག་	ཁ་དོག་	NOUN
གཟུགས་	གཟུགས་	NOUN
ལ་སོགས་	ལ་སོགས་	NO_POS
། །		PUNCT
ཇི་ལྟ་		
གནས་	གནས་	NOUN
ཤིང་	ཅིང་	PART
ཇི་ལྟ་		
འཕྲོ་བ་	འཕྲོ་བ་	VERB
བལྟ་	བལྟ་	VERB
། །		PUNCT
ལྟ་	ལྟ་	NOUN
མཁན་	མཁན་	PROPN
རང་	རང་	PRON
ཡང་	ཀྱང་	PART
ལེགས་པ་	ལེགས་པ་	VERB
རྩད་	རྩད་	NOUN
བཅད་	བཅད་	VERB
བྱ་	བྱ་	VERB
། །		PUNCT
གནས་འགྱུ་	གནས་འགྱུ་	NO_POS
གཉིས་	གཉིས་	NUM
ཀྱང་	ཀྱང་	PART
གཅིག་	གཅིག་	NUM
དང་	དང་	NO_POS
ཐ་དད་	ཐ་དད་	ADJ
དཔྱད་	དཔྱད་	VERB
། །		PUNCT
ཡོངས་	ཡོངས་	DET
ཚོལ་	ཚོལ་	VERB
སོ་	སོ་	PART
ར་	ལ་	PART
བརྟག་	བརྟག་	VERB
ཞིབ་མོ་	ཞིབ་མོ་	ADJ
ར་	ལ་	PART
དཔྱོད་པ་	དཔྱོད་པ་	VERB
དང་	དང་	NO_POS
། །		PUNCT
ཞི་ལྷག་	ཞི་ལྷག་	NO_POS
ཟུང་	ཟུང་	VERB
འབྲེལ་	འབྲེལ་	VERB
གསལ་བ་	གསལ་བ་	VERB
མི་	མི་	PART
རྟོག་པ་	རྟོག་པ་	VERB
། །		PUNCT
བཏང་སྙོམས་	བཏང་སྙོམས་	NOUN
རྒྱུན་	རྒྱུན་	NOUN
མི་	མི་	PART
ཆད་	ཆད་	VERB
དང་	དང་	NO_POS
ཡེངས་	ཡེངས་	NO_POS
མེད་	མེད་	VERB
དེ་	སྟེ་	PART
། །		PUNCT
ཡིད་བྱེད་	ཡིད་བྱེད་	NO_POS
བཅུ་	བཅུ་	NUM
ཅིག་	ཅིག་	PART
སྒོ་	སྒོ་	NOUN
ན་	ནས་	PART
བོགས་	བོགས་	NOUN
འདོན་	འདོན་	VERB
བྱ་	བྱ་	VERB
། །		PUNCT
གསུམ་པ་	གསུམ་པ་	NUM
ཐ་མལ་	ཐ་མལ་	ADJ
ཤེས་པ་	ཤེས་པ་	VERB
རྗེན་པ་	རྗེན་པ་	NO_POS
འདི་	འདི་	DET
། །		PUNCT
ངོས་བཟུང་	ངོས་བཟུང་	NOUN
མེད་	མེད་	VERB
ཕྱི་	ཕྱི་	OTHER
སྟོང་པ་	སྟོང་པ་	VERB
ར་	ལ་	PART
ངོ་སྤྲོད་	ངོ་སྤྲོད་	NOUN
བྱ་	བྱ་	VERB
། །		PUNCT
སྐབས་	སྐབས་	NOUN
འདི་	འདི་	DET
ར་	ལ་	PART
དྲི་བ་	དྲི་བ་	VERB
ངོ་སྤྲོད་	ངོ་སྤྲོད་	NOUN
མང་	མང་	VERB
དུ་ཡོད་	དུ་ཡོད་	NO_POS
། །		PUNCT
ཡང་ན་	ཡང་ན་	NO_POS
འགྱུ་	འགྱུ་	NO_POS
སྣང་	སྣང་	VERB
གཉིས་	གཉིས་	NUM
ཀྱིས་	གིས་	PART
ངོ་སྤྲོད་	ངོ་སྤྲོད་	NOUN
བྱ་	བྱ་	VERB
། །		PUNCT
འགྱུ་བ་	འགྱུ་བ་	VERB
སྣ་ཚོགས་	སྣ་ཚོགས་	DET
དུས་	དུས་	NOUN
གཅིག་	གཅིག་	NUM
སྤྲོ་བ་	སྤྲོ་བ་	VERB
དང་	དང་	NO_POS
། །		PUNCT
དགའ་	དགའ་	VERB
སྡུག་	སྡུག་	VERB
དུག་	དུག་	NOUN
ལྔ་	ལྔ་	NUM
རྣམ་རྟོག་	རྣམ་རྟོག་	NOUN
སོ་སོ་	སོ་སོ་	PRON
ར་	ལ་	PART
བལྟ་	བལྟ་	VERB
། །		PUNCT
རྣམ་རྟོག་	རྣམ་རྟོག་	NOUN
སྐུ་དྲིན་	སྐུ་དྲིན་	NOUN
ཅན་	ཅན་	PART
དུ་	ལ་	PART
ཤེས་པ་	ཤེས་པ་	VERB
དང་	དང་	NO_POS
། །		PUNCT
དྲི་བ་	དྲི་བ་	VERB
གེགས་	གེགས་	NOUN
སེལ་	སེལ་	VERB
བོགས་	བོགས་	NOUN
འདོན་	འདོན་	VERB
འདི་	འདི་	DET
ན་	ལ་	PART
ཡོད་	ཡོད་	VERB
། །		PUNCT
གཉིས་པ་	གཉིས་པ་	NUM
སྣང་	སྣང་	VERB
ཐོག་	ཐོག་	NOUN
ཉིད་	ཉིད་	DET
ན་	ནས་	PART
ངོ་སྤྲོད་པ་	ངོ་སྤྲོད་པ་	NOUN
ར་	ལ་	PART
། །		PUNCT
སྣང་བ་	སྣང་བ་	VERB
སེམས་	སེམས་	NOUN
ཡིན་	ཡིན་	NO_POS
སེམས་	སེམས་	NOUN
དེ་	སྟེ་	PART
སྟོང་པ་	སྟོང་པ་	VERB
དང་	དང་	NO_POS
། །		PUNCT
སྟོང་པ་	སྟོང་པ་	VERB
ལྷུན་གྲུབ་	ལྷུན་གྲུབ་	OTHER
ལྷུན་གྲུབ་	ལྷུན་གྲུབ་	OTHER
རང་གྲོལ་	རང་གྲོལ་	NOUN
ཏེ་	སྟེ་	PART
། །		PUNCT
བཞི་	བཞི་	NUM
ལ་	ལ་	ADP
ས་	གིས་	PART
དང་པོ་	དང་པོ་	ADJ
དམིགས་རྟེན་	དམིགས་རྟེན་	NO_POS
ལ་སོགས་པ་	ལ་སོགས་པ་	NO_POS
ར་	ལ་	PART
། །		PUNCT
སྣང་བ་	སྣང་བ་	VERB
ཐམས་ཅད་	ཐམས་ཅད་	DET
རྨི་ལམ་	རྨི་ལམ་	NOUN
ཇི་བཞིན་	ཇི་བཞིན་	OTHER
དུ་	ལ་	PART
། །		PUNCT
སེམས་	སེམས་	NOUN
སྣང་	སྣང་	VERB
མ་གཏོགས་	མ་གཏོགས་	NO_POS
ལོགས་	ལོགས་	NOUN
སུ་	ལ་	PART
མེད་པ་	མེད་པ་	VERB
དང་	དང་	NO_POS
། །		PUNCT
ལུས་སེམས་	ལུས་སེམས་	NOUN
གཅིག་	གཅིག་	NUM
དང་	དང་	NO_POS
ཐ་དད་	ཐ་དད་	ADJ
བྲལ་	བྲལ་	VERB
རིག་	རིག་	VERB
ན་	ལ་	PART
། །		PUNCT
སྣང་བ་	སྣང་བ་	VERB
སེམས་	སེམས་	NOUN
སུ་	ལ་	PART
ངོ་སྤྲོད་	ངོ་སྤྲོད་	NOUN
དེ་བཞིན་	དེ་བཞིན་	OTHER
བཏབ་	བཏབ་	VERB
། །		PUNCT
གཉིས་	གཉིས་	NUM
མེད་	མེད་	VERB
སེམས་	སེམས་	NOUN
དེ་	སྟེ་	PART
ཆུ་	ཆུ་	NOUN
ནང་	ནང་	NOUN
ཟླ་	ཟླ་	NOUN
གཟུགས་	གཟུགས་	NOUN
ལྟ་	ལྟ་	OTHER
། །		PUNCT
སྟོང་པ་	སྟོང་པ་	VERB
སྐྱེ་འགག་	སྐྱེ་འགག་	NOUN
གནས་	གནས་	NOUN
གསུམ་	གསུམ་	NUM
བྲལ་བ་	བྲལ་བ་	VERB
ར་	ལ་	PART
མཐོང་	མཐོང་	VERB
། །		PUNCT
གསུམ་པ་	གསུམ་པ་	NUM
སྟོང་	སྟོང་	NUM
ཡང་རྩལ་	ཡང་རྩལ་	NO_POS
སྣང་	སྣང་	VERB
འགག་	འགག་	VERB
ས་	གིས་	PART
མེད་	མེད་	VERB
འཆར་	འཆར་	NO_POS
། །		PUNCT
བཞི་པ་	བཞི་པ་	ADJ
སྣང་སྟོང་	སྣང་སྟོང་	NO_POS
ཆེན་པོ་	ཆེན་པོ་	ADJ
ར་	ལ་	PART
༼		PUNCT
		
༽		PUNCT
ལྷུན་གྲུབ་པ་	ལྷུན་གྲུབ་པ་	OTHER
ས་	གིས་	PART
། །		PUNCT
འཁོར་འདས་	འཁོར་འདས་	NOUN
བསྡུས་པ་	བསྡུས་པ་	VERB
འི་	གི་	PART
ཆོ་	ཆོ་	NOUN
ལ་	ལ་	PART
སྤང་བླང་	སྤང་བླང་	NOUN
བྲལ་	བྲལ་	VERB
། །		PUNCT
གདོད་མ་	གདོད་མ་	OTHER
འི་	གི་	PART
བྱང་ཆུབ་	བྱང་ཆུབ་	NOUN
མངོན་དུ་	མངོན་དུ་	NO_POS
འགྱུར་པ་	འགྱུར་པ་	VERB
འོ་	གོ་	PART
། །		PUNCT
དེ་དག་	དེ་དག་	OTHER
གིས་	གིས་	PART
ནི་	ནི་	NO_POS
དངོས་གཞི་	དངོས་གཞི་	NOUN
འི་	གི་	PART
དམིགས་པ་	དམིགས་པ་	VERB
བསྟན་	བསྟན་	VERB
། །		PUNCT
རྗེས་	རྗེས་	NOUN
རྩལ་	རྩལ་	NOUN
སྦྱོང་	སྦྱོང་	VERB
ཕྱོགས་	ཕྱོགས་	NOUN
བོགས་	བོགས་	NOUN
འདོན་	འདོན་	VERB
གེགས་	གེགས་	NOUN
སེལ་	སེལ་	VERB
དང་	དང་	NO_POS
། །		PUNCT
ལམ་བགྲོད་	ལམ་བགྲོད་	NOUN
འབྲས་བུ་	འབྲས་བུ་	NOUN
མངོན་དུ་	མངོན་དུ་	NO_POS
བྱེད་ཚུལ་	བྱེད་ཚུལ་	VERB
ལོ་	གོ་	PART
། །		PUNCT
དང་པོ་	དང་པོ་	ADJ
ཡུལ་དུས་	ཡུལ་དུས་	OTHER
ངོ་བོ་	ངོ་བོ་	NOUN
རང་བཞིན་	རང་བཞིན་	NOUN
དང་	དང་	NO_POS
། །		PUNCT
ཤེས་རབ་	ཤེས་རབ་	NOUN
དག་	དག་	DET
ལ་	ལ་	PART
ལོག་རྟོག་	ལོག་རྟོག་	OTHER
སེལ་བ་	སེལ་བ་	VERB
ལྔ་	ལྔ་	NUM
། །		PUNCT
ཡུལ་	ཡུལ་	NOUN
ནི་	ནི་	NO_POS
དགེ་སྡིག་	དགེ་སྡིག་	NOUN
ཡུལ་	ཡུལ་	NOUN
ལ་	ལ་	PART
སྤང་བླང་	སྤང་བླང་	NOUN
བྲལ་	བྲལ་	VERB
། །		PUNCT
དུས་	དུས་	NOUN
ནི་	ནི་	NO_POS
དུས་གསུམ་	དུས་གསུམ་	OTHER
མཉམ་ཉིད་	མཉམ་ཉིད་	NOUN
བདེན་	བདེན་	VERB
ཞེན་	ཞེན་	VERB
བྲལ་	བྲལ་	VERB
། །		PUNCT
ངོ་བོ་	ངོ་བོ་	NOUN
སེམས་ལས་	སེམས་ལས་	NOUN
ལྷག་པ་	ལྷག་པ་	VERB
འི་	གི་	PART
ཡེ་ཤེས་	ཡེ་ཤེས་	NOUN
མེད་	མེད་	VERB
། །		PUNCT
རང་བཞིན་	རང་བཞིན་	NOUN
སེམས་	སེམས་	NOUN
གཞན་	གཞན་	DET
སངས་རྒྱས་	སངས་རྒྱས་	NOUN
ལོགས་	ལོགས་	NOUN
ན་	ལ་	PART
མེད་	མེད་	VERB
། །		PUNCT
ཤེས་རབ་	ཤེས་རབ་	NOUN
ཐོས་བསམ་	ཐོས་བསམ་	NOUN
བརྟག་དཔྱད་	བརྟག་དཔྱད་	OTHER
ཀྱིས་	གིས་	PART
མི་	མི་	PART
རྟོགས་	རྟོགས་	VERB
། །		PUNCT
བྱིན་རླབས་	བྱིན་རླབས་	NOUN
སྟོབས་	སྟོབས་	NOUN
ཀྱིས་	གིས་	PART
མྱུར་	མྱུར་	VERB
དུ་	ལ་	PART
འཆར་བ་	འཆར་བ་	VERB
འོ་	གོ་	PART
། །		PUNCT
མཁས་པ་	མཁས་པ་	VERB
གསུམ་	གསུམ་	NUM
ལ་	ལ་	PART
བསླབ་པ་	བསླབ་པ་	VERB
གསུམ་	གསུམ་	NUM
ཡོད་པ་	ཡོད་པ་	VERB
ར་	ལ་	PART
། །		PUNCT
དང་པོ་	དང་པོ་	ADJ
ར་	ལ་	PART
མགོ་	མགོ་	NOUN
རྩོམ་	རྩོམ་	VERB
མཁས་པ་	མཁས་པ་	VERB
ར་	ལ་	PART
བཅོས་པ་	བཅོས་པ་	VERB
ར་	ལ་	PART
། །		PUNCT
མ་	མ་	PART
བཅོ་	བཅོ་	NUM
ས་	གིས་	PART
སོ་མ་	སོ་མ་	ADJ
ལྷུག་པ་	ལྷུག་པ་	NO_POS
འི་	གི་	PART
ངང་	ངང་	NOUN
ན་	ནས་	PART
བལྟ་	བལྟ་	VERB
། །		PUNCT
འཕྲོ་	འཕྲོ་	NOUN
གཅོད་	གཅོད་	NO_POS
མཁས་པ་	མཁས་པ་	VERB
ཏིང་འཛིན་	ཏིང་འཛིན་	NOUN
ལུས་གནད་	ལུས་གནད་	NO_POS
བསྒྱུར་	བསྒྱུར་	VERB
། །		PUNCT
སྐྱོད་	སྐྱོད་	VERB
མཁའ་	མཁའ་	VERB
བཟང་ངན་	བཟང་ངན་	ADJ
ཉམས་	ཉམས་	NOUN
ལ་	ལ་	PART
ཆགས་སྡང་	ཆགས་སྡང་	NOUN
སྤང་	སྤང་	VERB
། །		PUNCT
ཡང་ན་	ཡང་ན་	NO_POS
གཤིས་	གཤིས་	OTHER
ཤོ་	ཤོ་	NOUN
ར་	ལ་	PART
རྒྱ་	རྒྱ་	VERB
འདེབས་	འདེབས་	VERB
གཉེན་པོ་	གཉེན་པོ་	NOUN
ར་	ལ་	PART
ཤོ་	ཤོ་	NOUN
ར་	ལ་	PART
། །		PUNCT
ལམ་	གམ་	PART
ཤོ་	ཤོ་	NOUN
ར་	ལ་	PART
བཞི་	བཞི་	NUM
སེལ་	སེལ་	VERB
དང་པོ་	དང་པོ་	ADJ
བརྟག་དཔྱད་	བརྟག་དཔྱད་	OTHER
སོགས་	སོགས་	DET
། །		PUNCT
ཤེས་བྱ་	ཤེས་བྱ་	VERB
འི་	གི་	PART
བབ་	བབ་	VERB
ལ་	ལ་	PART
འདི་བཞིན་	འདི་བཞིན་	NO_POS
གནས་	གནས་	NOUN
སྙམ་	སྙམ་	VERB
ན་	ནས་	PART
། །		PUNCT
བློ་	བློ་	NOUN
ས་	གིས་	PART
བྱ་	བྱ་	VERB
སྤངས་	སྤངས་	VERB
ལ་	ལ་	PART
འགག་	འགག་	VERB
ས་	གིས་	PART
མེད་	མེད་	VERB
རྩལ་	རྩལ་	NOUN
སྣང་	སྣང་	VERB
སྦྱང་	སྦྱང་	VERB
། །		PUNCT
གཉིས་པ་	གཉིས་པ་	NUM
སྔགས་	སྔགས་	NOUN
དང་	དང་	NO_POS
ཡིད་	ཡིད་	NOUN
ཀྱིས་	གིས་	PART
སྟོང་ཉིད་	སྟོང་ཉིད་	NOUN
དངོ་	དངོ་	NOUN
། །		PUNCT
མིན་	མིན་	AUX
བཞིན་	བཞིན་	NOUN
བློ་	བློ་	NOUN
ཡི་	གིས་	PART
རྒྱ་	རྒྱ་	VERB
བཏབ་	བཏབ་	VERB
སྒོམ་པ་	སྒོམ་པ་	VERB
དེ་	སྟེ་	PART
། །		PUNCT
ཐ་མལ་	ཐ་མལ་	ADJ
ཤེས་པ་	ཤེས་པ་	VERB
འི་	གི་	PART
རང་	རང་	PRON
ངོ་	གོ་	PART
བསྐྱངས་པ་	བསྐྱངས་པ་	VERB
ས་	གིས་	PART
སེལ་	སེལ་	VERB
། །		PUNCT
གསུམ་པོ་	གསུམ་པོ་	NUM
ཉོན་མོངས་	ཉོན་མོངས་	NOUN
ལ་སོགས་	ལ་སོགས་	NO_POS
སྟོང་ཉིད་	སྟོང་ཉིད་	NOUN
ཀྱིས་	གིས་	PART
། །		PUNCT
གཞིལ་	གཞིལ་	NO_POS
རློམ་	རློམ་	NO_POS
སྤང་	སྤང་	VERB
གཉེན་	གཉེན་	NOUN
གཉིས་	གཉིས་	NUM
སུ་	ལ་	PART
འཛིན་པ་	འཛིན་པ་	VERB
དེ་	སྟེ་	PART
། །		PUNCT
སྤང་བྱ་	སྤང་བྱ་	NOUN
དེ་	སྟེ་	PART
ཡི་	གི་	PART
རང་ཞལ་	རང་ཞལ་	OTHER
བལྟས་་	བལྟས་པ་	VERB
ས་	གིས་	PART
སེལ་	སེལ་	VERB
། །		PUNCT
བཞི་པ་	བཞི་པ་	ADJ
སྟོང་ཉིད་	སྟོང་ཉིད་	NOUN
མ་གཏོགས་	མ་གཏོགས་	NO_POS
ལམ་	གམ་	PART
མེད་	མེད་	VERB
སྙམ་	སྙམ་	VERB
། །		PUNCT
དེ་	སྟེ་	PART
ལ་	ལ་	PART
མཆོག་	མཆོག་	ADJ
བཟུང་	བཟུང་	NO_POS
ཐབས་	ཐབས་	NOUN
ཆ་	ཆ་	NOUN
ར་	ལ་	PART
མི་	མི་	PART
སེམས་པ་	སེམས་པ་	VERB
། །		PUNCT
འཁོར་འདས་	འཁོར་འདས་	NOUN
མཉམ་ཉིད་	མཉམ་ཉིད་	NOUN
ཞེ་འདོད་	ཞེ་འདོད་	NO_POS
བྲལ་བ་	བྲལ་བ་	VERB
ས་	གིས་	PART
སེལ་	སེལ་	VERB
། །		PUNCT
སྒོམ་པ་	སྒོམ་པ་	VERB
འི་	གི་	PART
གོལ་ས་	གོལ་ས་	VERB
བཅད་	བཅད་	VERB
ཅིང་	ཅིང་	PART
བོགས་	བོགས་	NOUN
འདོན་པ་	འདོན་པ་	VERB
། །		PUNCT
བདེ་	བདེ་	VERB
གསལ་	གསལ་	VERB
མི་	མི་	PART
རྟོག་པ་	རྟོག་པ་	VERB
༼		PUNCT
		
༽		PUNCT
སོགས་	སོགས་	DET
ཉམས་	ཉམས་	NOUN
རྣམས་	རྣམས་	DET
ལ་	ལ་	PART
། །		PUNCT
ཆགས་	ཆགས་	VERB
ན་	ལ་	PART
ཁམས་	ཁམས་	NOUN
གསུམ་	གསུམ་	NUM
གོལ་བ་	གོལ་བ་	VERB
ས་	གིས་	PART
དེ་	སྟེ་	PART
སྔ་	སྔ་	NOUN
ས་	ས་	ADP
༈༈༈		PUNCT
ཏེ་	སྟེ་	PART
། །		PUNCT
ཆགས་ཞེན་	ཆགས་ཞེན་	NO_POS
བྲལ་	བྲལ་	VERB
ཞིང་	ཅིང་	PART
བརྩོན་པ་	བརྩོན་པ་	VERB
བསྐྱེད་པ་	བསྐྱེད་པ་	VERB
ར་	ལ་	PART
བྱ་	བྱ་	VERB
། །		PUNCT
འདི་སྐབས་	འདི་སྐབས་	NO_POS
བོགས་	བོགས་	NOUN
འདོན་	འདོན་	VERB
འབྲས་བུ་འབྱུང་བ་	འབྲས་བུ་འབྱུང་བ་	NO_POS
འོ་	གོ་	PART
། །		PUNCT
འཕྲང་	འཕྲང་	NOUN
གསུམ་	གསུམ་	NUM
དགྲ་	དགྲ་	NOUN
ར་	ལ་	PART
ལོངས་	ལོངས་	VERB
བསལ་	བསལ་	VERB
ཏེ་	སྟེ་	PART
བོགས་	བོགས་	NOUN
འདོན་པ་	འདོན་པ་	VERB
། །		PUNCT
སྟོང་པ་	སྟོང་པ་	VERB
དགྲ་	དགྲ་	NOUN
ར་	ལ་	PART
ལངས་	ལངས་	VERB
ཐམས་ཅད་	ཐམས་ཅད་	DET
སྟོང་པ་ཉིད་	སྟོང་པ་ཉིད་	NOUN
། །		PUNCT
ཡིན་	ཡིན་	NO_POS
སྙོམ་	སྙོམ་	NO_POS
དགེ་སྡིག་	དགེ་སྡིག་	NOUN
སྤང་བླང་	སྤང་བླང་	NOUN
ཀུན་	ཀུན་	DET
དོར་བ་	དོར་བ་	VERB
། །		PUNCT
སྟོང་ཉིད་	སྟོང་ཉིད་	NOUN
དང་	དང་	NO_POS
ན་	ནས་	PART
ལྟ་སྤྱོད་	ལྟ་སྤྱོད་	NOUN
ཟུང་	ཟུང་	VERB
འབྲེལ་བ་	འབྲེལ་བ་	VERB
འི་	གི་	PART
། །		PUNCT
ལམ་	གམ་	PART
ལ་	ལ་	PART
བསླབས་པ་	བསླབས་པ་	VERB
ས་	གིས་	PART
སེལ་	སེལ་	VERB
ཞིང་	ཅིང་	PART
སྙིང་རྗེ་	སྙིང་རྗེ་	NOUN
ནི་	ནི་	NO_POS
། །		PUNCT
དགྲ་	དགྲ་	NOUN
ར་	ལ་	PART
ལངས་	ལངས་	VERB
རང་	རང་	PRON
གི་	གི་	PART
ཏིང་འཛིན་	ཏིང་འཛིན་	NOUN
དགེ་སྦྱོར་	དགེ་སྦྱོར་	NOUN
རྣམས་	རྣམས་	DET
། །		PUNCT
དོར་	དོར་	VERB
ན་	ནས་	PART
མི་	མི་	PART
འགྲུབ་	འགྲུབ་	VERB
བཞིན་	བཞིན་	NOUN
དུ་	ལ་	PART
གཞན་དོན་	གཞན་དོན་	NOUN
བྱེད་	བྱེད་	VERB
། །		PUNCT
རང་གཞན་	རང་གཞན་	NOUN
དུབ་པ་	དུབ་པ་	VERB
ར་	ལ་	PART
བྱེད་	བྱེད་	VERB
དོ་	གོ་	PART
སེམས་ཅན་	སེམས་ཅན་	NOUN
ལ་	ལ་	PART
། །		PUNCT
སྙིང་རྗེ་	སྙིང་རྗེ་	NOUN
འི་	གི་	PART
ངང་	ངང་	NOUN
ན་	ནས་	PART
རང་	རང་	PRON
གི་	གི་	PART
དགེ་སྦྱོར་	དགེ་སྦྱོར་	NOUN
སྐྱོང་	སྐྱོང་	VERB
། །		PUNCT
རྒྱུ་འབྲས་	རྒྱུ་འབྲས་	NOUN
དགྲ་	དགྲ་	NOUN
ར་	ལ་	PART
ལངས་	ལངས་	VERB
རྟོག་པ་	རྟོག་པ་	VERB
ས་	གིས་	PART
བྱེད་	བྱེད་	VERB
མཐོང་	མཐོང་	VERB
ན་	ནས་	PART
། །		PUNCT
ཐམས་ཅད་	ཐམས་ཅད་	DET
མཁྱེན་པ་	མཁྱེན་པ་	VERB
བྱེད་	བྱེད་	VERB
སྙམས་		NON_WORD
སྒྲ་ཚད་	སྒྲ་ཚད་	NOUN
སོགས་	སོགས་	DET
། །		PUNCT
སྦྱངས་	སྦྱངས་	VERB
ན་	ནས་	PART
དགེ་སྦྱོང་	དགེ་སྦྱོང་	NOUN
ངོ་ཏི་	ངོ་ཏི་	NO_POS
དོར་བ་	དོར་བ་	VERB
དེ་	སྟེ་	PART
། །		PUNCT
སྟོང་ཉིད་	སྟོང་ཉིད་	NOUN
རྒྱུ་འབྲས་	རྒྱུ་འབྲས་	NOUN
ཟུང་འཇུག་	ཟུང་འཇུག་	NOUN
བསྒོམས་པ་	བསྒོམས་པ་	VERB
ས་	གིས་	PART
སེལ་	སེལ་	VERB
། །		PUNCT
གསུམ་པ་	གསུམ་པ་	NUM
གེགས་	གེགས་	NOUN
སེལ་	སེལ་	VERB
ནད་གདོན་	ནད་གདོན་	OTHER
ཏིང་འཛིན་	ཏིང་འཛིན་	NOUN
གེགས་	གེགས་	NOUN
། །		PUNCT
སེལ་	སེལ་	VERB
ལ་	ལ་	PART
དང་པོ་	དང་པོ་	ADJ
ནད་	ནད་	NOUN
ཀྱི་	གི་	PART
གཞི་རྩ་	གཞི་རྩ་	NOUN
བཅད་	བཅད་	VERB
། །		PUNCT
ཡང་ན་	ཡང་ན་	NO_POS
གཏོང་ལེན་	གཏོང་ལེན་	OTHER
ཀུན་གཞི་	ཀུན་གཞི་	NOUN
ར་	ལ་	PART
ལྟ་	ལྟ་	NOUN
སོགས་	སོགས་	DET
བྱ་	བྱ་	VERB
། །		PUNCT
གདོན་	གདོན་	NOUN
ནི་	ནི་	NO_POS
རང་	རང་	PRON
གི་	གི་	PART
སེམས་ཉིད་	སེམས་ཉིད་	NOUN
འཁྲུལ་པ་	འཁྲུལ་པ་	NO_POS
ལ་	ལ་	ADP
ས་	གིས་	PART
། །		PUNCT
སྣང་	སྣང་	VERB
གི་	གི་	PART
དོན་	དོན་	NOUN
ལ་མ་	ལ་མ་	NO_POS
གྲུབ་	གྲུབ་	VERB
གཞི་རྩ་	གཞི་རྩ་	NOUN
བཅད་	བཅད་	VERB
། །		PUNCT
ཡང་ན་	ཡང་ན་	NO_POS
གཏོང་ལེན་	གཏོང་ལེན་	OTHER
སྐུ་བཞི་	སྐུ་བཞི་	OTHER
ར་	ལ་	PART
ཁྱེ་	ཁྱེ་	VERB
སོགས་	སོགས་	DET
བྱ་	བྱ་	VERB
། །		PUNCT
ཏིང་འཛིན་	ཏིང་འཛིན་	NOUN
གེགས་	གེགས་	NOUN
ནི་	ནི་	NO_POS
བྱིང་རྒོད་	བྱིང་རྒོད་	NO_POS
གཉིས་	གཉིས་	NUM
སུ་	ལ་	PART
འདུ་	འདུ་	VERB
། །		PUNCT
དེ་	སྟེ་	PART
ནི་	ནི་	NO_POS
དམིགས་པ་	དམིགས་པ་	VERB
སྤྱོད་ལམ་	སྤྱོད་ལམ་	NOUN
བླ་མ་	བླ་མ་	NOUN
དང་	དང་	NO_POS
། །		PUNCT
ངོ་ལྟ་	ངོ་ལྟ་	NO_POS
ལ་སོགས་	ལ་སོགས་	NO_POS
བྱས་པ་	བྱས་པ་	VERB
ས་	གིས་	PART
སེལ་བ་	སེལ་བ་	VERB
ར་	ལ་	PART
འགྱུར་	འགྱུར་	VERB
། །		PUNCT
བཞི་པ་	བཞི་པ་	ADJ
ལམ་	གམ་	PART
ནི་	ནི་	NO_POS
རྣལ་འབྱོར་	རྣལ་འབྱོར་	NOUN
བཞི་	བཞི་	NUM
ཡི་	གིས་	PART
བགྲོད་	བགྲོད་	VERB
། །		PUNCT
རྩེ་གཅིག་	རྩེ་གཅིག་	ADJ
ཞི་ལྷག་	ཞི་ལྷག་	NO_POS
དབྱེ་	དབྱེ་	VERB
ར་	ལ་	PART
མེད་	མེད་	VERB
དོན་	དོན་	NOUN
ལ་	ལ་	PART
གནས་	གནས་	NOUN
། །		PUNCT
སྤྲོས་བྲལ་	སྤྲོས་བྲལ་	ADJ
ཆོ་	ཆོ་	NOUN
རྣམས་	རྣམས་	DET
སྟོང་པ་ཉིད་	སྟོང་པ་ཉིད་	NOUN
དུ་	ལ་	PART
རྟོགས་	རྟོགས་	VERB
། །		PUNCT
རོ་	རོ་	NOUN
གཅིག་	གཅིག་	NUM
འཁོར་འདས་	འཁོར་འདས་	NOUN
ཆོ་	ཆོ་	NOUN
རྣམས་	རྣམས་	DET
རོ་	རོ་	NOUN
གཅིག་	གཅིག་	NUM
འཆར་	འཆར་	NO_POS
། །		PUNCT
སྒོམ་	སྒོམ་	VERB
མེད་	མེད་	VERB
བསྒོམ་	བསྒོམ་	VERB
བྱ་	བྱ་	VERB
སྒོམ་	སྒོམ་	VERB
བྱེད་	བྱེད་	VERB
ཀུན་	ཀུན་	DET
དང་	དང་	NO_POS
བྲལ་	བྲལ་	VERB
། །		PUNCT
དེ་	སྟེ་	PART
རྣམས་	རྣམས་	DET
མི་	མི་	PART
བརྟན་བརྟན་	བརྟན་བརྟན་	ADJ
དང་	དང་	NO_POS
རབ་ཏུ་	རབ་ཏུ་	NO_POS
བརྟན་	བརྟན་	VERB
། །		PUNCT
ཅུང་ཟད་	ཅུང་ཟད་	ADV
ཕལ་ཆེ་		
མ་	མ་	PART
ལུས་	ལུས་	NOUN
རྟོགས་པ་	རྟོགས་པ་	VERB
ལ་	ལ་	ADP
ས་	གིས་	PART
། །		PUNCT
ཆུང་	ཆུང་	VERB
འབྲིང་	འབྲིང་	NOUN
ཆེན་པོ་	ཆེན་པོ་	ADJ
བཅུ་	བཅུ་	NUM
༼		PUNCT
		
༽		PUNCT
གཉིས་	གཉིས་	NUM
སོགས་	སོགས་	DET
སུ་	ལ་	PART
གསུངས་	གསུངས་	VERB
། །		PUNCT
རྩེ་གཅིག་	རྩེ་གཅིག་	ADJ
ཚོགས་སྦྱོར་	ཚོགས་སྦྱོར་	NOUN
སྤྲོས་བྲལ་	སྤྲོས་བྲལ་	ADJ
མཐོང་བ་	མཐོང་བ་	VERB
འི་	གི་	PART
ལམ་	གམ་	PART
། །		PUNCT
རོ་	རོ་	NOUN
གཅིག་	གཅིག་	NUM
སྒོམ་	སྒོམ་	VERB
མེད་	མེད་	VERB
འབྲིང་	འབྲིང་	NOUN
མན་	མན་	OTHER
སྒོམ་ལམ་	སྒོམ་ལམ་	NOUN
སྟེ་	སྟེ་	PART
། །		PUNCT
སྒོམ་	སྒོམ་	VERB
མེད་	མེད་	VERB
ཆེན་པོ་	ཆེན་པོ་	ADJ
ར་	ལ་	PART
རྫོགས་པ་	རྫོགས་པ་	VERB
འི་	གི་	PART
སངས་རྒྱས་	སངས་རྒྱས་	NOUN
སོ་	གོ་	PART
། །		PUNCT
བཞི་པ་	བཞི་པ་	ADJ
འབྲས་བུ་	འབྲས་བུ་	NOUN
དེ་ལྟ་	དེ་ལྟ་	NO_POS
ཉམས་	ཉམས་	NOUN
བླངས་པ་	བླངས་པ་	VERB
ས་	གིས་	PART
། །		PUNCT
ཤེས་རབ་	ཤེས་རབ་	NOUN
རལ་གྲི་	རལ་གྲི་	NOUN
ས་	གིས་	PART
སྒྲིབ་པ་	སྒྲིབ་པ་	VERB
ཀུན་	ཀུན་	DET
བཅད་	བཅད་	VERB
ན་	ནས་	PART
། །		PUNCT
མངོན་པ་	མངོན་པ་	OTHER
སངས་རྒྱས་	སངས་རྒྱས་	NOUN
སྐུ་	སྐུ་	NOUN
གསུང་	གསུང་	VERB
མཛད་	མཛད་	VERB
ཕྲིན་	ཕྲིན་	NOUN
གྱིས་	གིས་	PART
། །		PUNCT
འཁོར་བ་	འཁོར་བ་	NOUN
མ་	མ་	PART
སྟོངས་	སྟོངས་	VERB
བ་	བ་	NOUN
དུ་	ལ་	PART
འགྲོ་དོན་	འགྲོ་དོན་	NOUN
མཛད་	མཛད་	VERB
། །		PUNCT
ཕྱག་རྒྱ་	ཕྱག་རྒྱ་	NOUN
ཆེན་པོ་	ཆེན་པོ་	ADJ
ལྷན་ཅིག་	ལྷན་ཅིག་	OTHER
སྐྱེ་	སྐྱེ་	VERB
སྦྱོར་	སྦྱོར་	VERB
གྱི་	གི་	PART
། །		PUNCT
རྩ་ཚིག་	རྩ་ཚིག་	OTHER
བསྡུས་དོན་	བསྡུས་དོན་	NOUN
དྲན་ཐོ་	དྲན་ཐོ་	OTHER
མདོར་བསྡུས་	མདོར་བསྡུས་	OTHER
འདི་	འདི་	DET
། །		PUNCT
སློབ་དཔོན་	སློབ་དཔོན་	NOUN
ཕྱོགས་གླང་	ཕྱོགས་གླང་	PROPN
ཞེ་	ཅེས་	PART
བྱ་	བྱ་	VERB
བསྐུལ་བ་	བསྐུལ་བ་	VERB
ལ་	ལ་	ADP
ས་	གིས་	PART
། །		PUNCT
བཛྲེ་		NON_WORD
ཤྭ་	ཤྭ་	NO_POS
ར་	ར་	ADP
ཞེ་	ཅེས་	PART
བྱ་	བྱ་	VERB
འི་	གི་	PART
ཕྱོགས་	ཕྱོགས་	NOUN
བཅུ་པ་	བཅུ་པ་	NUM
ས་	གིས་	PART
། །		PUNCT
རྣམ་ཐོས་	རྣམ་ཐོས་	PROPN
རི་བོ་	རི་བོ་	NOUN
འི་	གི་	PART
ངོགས་	ངོགས་	NOUN
སུ་	ལ་	PART
བྲིས་པ་	བྲིས་པ་	VERB
འོ་	གོ་	PART
།། །།		PUNCT
རྗེ་	རྗེ་	NO_POS
དགུ་པ་	དགུ་པ་	ADJ
དབང་ཕྱུག་	དབང་ཕྱུག་	NOUN
རྡོ་རྗེ་	རྡོ་རྗེ་	NOUN
།		PUNCT
